<?xml version="1.0" encoding="UTF-8"?>
<export version="D">
  <design>
    <source>/home/tobias/Entwicklung/Platinen/IDEHat/IDEHat.sch</source>
    <date>Sa 11 Jul 2020 21:06:23 CEST</date>
    <tool>Eeschema 5.1.6</tool>
    <sheet number="1" name="/" tstamps="/">
      <title_block>
        <title/>
        <company/>
        <rev/>
        <date/>
        <source>IDEHat.sch</source>
        <comment number="1" value=""/>
        <comment number="2" value=""/>
        <comment number="3" value=""/>
        <comment number="4" value=""/>
      </title_block>
    </sheet>
  </design>
  <components>
    <comp ref="U3">
      <value>MCP23S17_SO</value>
      <footprint>Package_SO:SOIC-28W_7.5x17.9mm_P1.27mm</footprint>
      <datasheet>http://ww1.microchip.com/downloads/en/DeviceDoc/20001952C.pdf</datasheet>
      <fields>
        <field name="LCSC">C145413</field>
      </fields>
      <libsource lib="Interface_Expansion" part="MCP23S17_SO" description="16-bit I/O expander, SPI, interrupts, w pull-ups, SOIC-28"/>
      <sheetpath names="/" tstamps="/"/>
      <tstamp>5F0F8C02</tstamp>
    </comp>
    <comp ref="U4">
      <value>MCP23S17_SO</value>
      <footprint>Package_SO:SOIC-28W_7.5x17.9mm_P1.27mm</footprint>
      <datasheet>http://ww1.microchip.com/downloads/en/DeviceDoc/20001952C.pdf</datasheet>
      <fields>
        <field name="LCSC">C145413</field>
      </fields>
      <libsource lib="Interface_Expansion" part="MCP23S17_SO" description="16-bit I/O expander, SPI, interrupts, w pull-ups, SOIC-28"/>
      <sheetpath names="/" tstamps="/"/>
      <tstamp>5F0FAB55</tstamp>
    </comp>
    <comp ref="J1">
      <value>Pi</value>
      <footprint>Connector_PinSocket_2.54mm:PinSocket_2x20_P2.54mm_Vertical</footprint>
      <datasheet>https://www.raspberrypi.org/documentation/hardware/raspberrypi/schematics/rpi_SCH_3bplus_1p0_reduced.pdf</datasheet>
      <libsource lib="Connector" part="Raspberry_Pi_2_3" description="expansion header for Raspberry Pi 2 &amp; 3"/>
      <sheetpath names="/" tstamps="/"/>
      <tstamp>5F135504</tstamp>
    </comp>
    <comp ref="J2">
      <value>IDE</value>
      <footprint>Connector_IDC:IDC-Header_2x20_P2.54mm_Vertical</footprint>
      <datasheet>~</datasheet>
      <libsource lib="Connector_Generic" part="Conn_02x20_Odd_Even" description="Generic connector, double row, 02x20, odd/even pin numbering scheme (row 1 odd numbers, row 2 even numbers), script generated (kicad-library-utils/schlib/autogen/connector/)"/>
      <sheetpath names="/" tstamps="/"/>
      <tstamp>5F14DFF9</tstamp>
    </comp>
    <comp ref="U2">
      <value>TXS0108EPW</value>
      <footprint>Package_SO:TSSOP-20_4.4x6.5mm_P0.65mm</footprint>
      <datasheet>www.ti.com/lit/ds/symlink/txs0108e.pdf</datasheet>
      <fields>
        <field name="LCSC">C17206</field>
      </fields>
      <libsource lib="Logic_LevelTranslator" part="TXS0108EPW" description="Bidirectional  level-shifting voltage translator, TSSOP-20"/>
      <sheetpath names="/" tstamps="/"/>
      <tstamp>5F15271B</tstamp>
    </comp>
    <comp ref="U1">
      <value>AT24CS32</value>
      <footprint>Package_SO:SOIC-8_3.9x4.9mm_P1.27mm</footprint>
      <datasheet>http://ww1.microchip.com/downloads/en/DeviceDoc/Atmel-8869-SEEPROM-AT24CS32-Datasheet.pdf</datasheet>
      <fields>
        <field name="LCSC">C60583</field>
      </fields>
      <libsource lib="Memory_EEPROM" part="AT24CS32-SSHM" description="I2C Serial EEPROM, 32Kb (4096x8) with Unique Serial Number, SO8"/>
      <sheetpath names="/" tstamps="/"/>
      <tstamp>5F186055</tstamp>
    </comp>
    <comp ref="R1">
      <value>4.7k</value>
      <footprint>Resistor_SMD:R_0402_1005Metric</footprint>
      <datasheet>~</datasheet>
      <fields>
        <field name="LCSC">C25900</field>
      </fields>
      <libsource lib="Device" part="R" description="Resistor"/>
      <sheetpath names="/" tstamps="/"/>
      <tstamp>5F18DA3A</tstamp>
    </comp>
    <comp ref="R2">
      <value>4.7k</value>
      <footprint>Resistor_SMD:R_0402_1005Metric</footprint>
      <datasheet>~</datasheet>
      <fields>
        <field name="LCSC">C25900</field>
      </fields>
      <libsource lib="Device" part="R" description="Resistor"/>
      <sheetpath names="/" tstamps="/"/>
      <tstamp>5F191C01</tstamp>
    </comp>
    <comp ref="D1">
      <value>LED</value>
      <footprint>LED_SMD:LED_0603_1608Metric</footprint>
      <datasheet>~</datasheet>
      <fields>
        <field name="LCSC">C72043</field>
      </fields>
      <libsource lib="Device" part="LED" description="Light emitting diode"/>
      <sheetpath names="/" tstamps="/"/>
      <tstamp>5F2345D6</tstamp>
    </comp>
    <comp ref="R3">
      <value>4.7k</value>
      <footprint>Resistor_SMD:R_0402_1005Metric</footprint>
      <datasheet>~</datasheet>
      <fields>
        <field name="LCSC">C25900</field>
      </fields>
      <libsource lib="Device" part="R" description="Resistor"/>
      <sheetpath names="/" tstamps="/"/>
      <tstamp>5F2472B0</tstamp>
    </comp>
    <comp ref="R4">
      <value>4.7k</value>
      <footprint>Resistor_SMD:R_0402_1005Metric</footprint>
      <datasheet>~</datasheet>
      <fields>
        <field name="LCSC">C25900</field>
      </fields>
      <libsource lib="Device" part="R" description="Resistor"/>
      <sheetpath names="/" tstamps="/"/>
      <tstamp>5F42BCA6</tstamp>
    </comp>
    <comp ref="D2">
      <value>Red</value>
      <footprint>LED_SMD:LED_0603_1608Metric</footprint>
      <datasheet>~</datasheet>
      <fields>
        <field name="LCSC">C2286</field>
      </fields>
      <libsource lib="Device" part="LED" description="Light emitting diode"/>
      <sheetpath names="/" tstamps="/"/>
      <tstamp>5F42BCAE</tstamp>
    </comp>
    <comp ref="R5">
      <value>4.7k</value>
      <footprint>Resistor_SMD:R_0402_1005Metric</footprint>
      <datasheet>~</datasheet>
      <fields>
        <field name="LCSC">C25900</field>
      </fields>
      <libsource lib="Device" part="R" description="Resistor"/>
      <sheetpath names="/" tstamps="/"/>
      <tstamp>5F4FB764</tstamp>
    </comp>
    <comp ref="D3">
      <value>Red</value>
      <footprint>LED_SMD:LED_0603_1608Metric</footprint>
      <datasheet>~</datasheet>
      <fields>
        <field name="LCSC">C2286</field>
      </fields>
      <libsource lib="Device" part="LED" description="Light emitting diode"/>
      <sheetpath names="/" tstamps="/"/>
      <tstamp>5F4FB76D</tstamp>
    </comp>
    <comp ref="D4">
      <value>Yellow</value>
      <footprint>LED_SMD:LED_0603_1608Metric</footprint>
      <datasheet>~</datasheet>
      <fields>
        <field name="LCSC">C72038</field>
      </fields>
      <libsource lib="Device" part="LED" description="Light emitting diode"/>
      <sheetpath names="/" tstamps="/"/>
      <tstamp>5F512B84</tstamp>
    </comp>
    <comp ref="R6">
      <value>4.7k</value>
      <footprint>Resistor_SMD:R_0402_1005Metric</footprint>
      <datasheet>~</datasheet>
      <fields>
        <field name="LCSC">C25900</field>
      </fields>
      <libsource lib="Device" part="R" description="Resistor"/>
      <sheetpath names="/" tstamps="/"/>
      <tstamp>5F512B8C</tstamp>
    </comp>
    <comp ref="D5">
      <value>Yellow</value>
      <footprint>LED_SMD:LED_0603_1608Metric</footprint>
      <datasheet>~</datasheet>
      <fields>
        <field name="LCSC">C72038</field>
      </fields>
      <libsource lib="Device" part="LED" description="Light emitting diode"/>
      <sheetpath names="/" tstamps="/"/>
      <tstamp>5F51E962</tstamp>
    </comp>
    <comp ref="R7">
      <value>4.7k</value>
      <footprint>Resistor_SMD:R_0402_1005Metric</footprint>
      <datasheet>~</datasheet>
      <fields>
        <field name="LCSC">C25900</field>
      </fields>
      <libsource lib="Device" part="R" description="Resistor"/>
      <sheetpath names="/" tstamps="/"/>
      <tstamp>5F51E96A</tstamp>
    </comp>
    <comp ref="R8">
      <value>10k</value>
      <footprint>Resistor_SMD:R_0402_1005Metric</footprint>
      <datasheet>~</datasheet>
      <fields>
        <field name="LCSC">C25744</field>
      </fields>
      <libsource lib="Device" part="R" description="Resistor"/>
      <sheetpath names="/" tstamps="/"/>
      <tstamp>5F52B9D0</tstamp>
    </comp>
    <comp ref="D6">
      <value>Green</value>
      <footprint>LED_SMD:LED_0603_1608Metric</footprint>
      <datasheet>~</datasheet>
      <fields>
        <field name="LCSC">C72043</field>
      </fields>
      <libsource lib="Device" part="LED" description="Light emitting diode"/>
      <sheetpath names="/" tstamps="/"/>
      <tstamp>5F52B9D9</tstamp>
    </comp>
    <comp ref="R9">
      <value>10k</value>
      <footprint>Resistor_SMD:R_0402_1005Metric</footprint>
      <datasheet>~</datasheet>
      <fields>
        <field name="LCSC">C25744</field>
      </fields>
      <libsource lib="Device" part="R" description="Resistor"/>
      <sheetpath names="/" tstamps="/"/>
      <tstamp>5F53832F</tstamp>
    </comp>
    <comp ref="D7">
      <value>Green</value>
      <footprint>LED_SMD:LED_0603_1608Metric</footprint>
      <datasheet>~</datasheet>
      <fields>
        <field name="LCSC">C72043</field>
      </fields>
      <libsource lib="Device" part="LED" description="Light emitting diode"/>
      <sheetpath names="/" tstamps="/"/>
      <tstamp>5F538338</tstamp>
    </comp>
    <comp ref="R10">
      <value>4.7k</value>
      <footprint>Resistor_SMD:R_0402_1005Metric</footprint>
      <datasheet>~</datasheet>
      <fields>
        <field name="LCSC">C25900</field>
      </fields>
      <libsource lib="Device" part="R" description="Resistor"/>
      <sheetpath names="/" tstamps="/"/>
      <tstamp>5F545EAF</tstamp>
    </comp>
    <comp ref="D8">
      <value>Blue</value>
      <footprint>LED_SMD:LED_0603_1608Metric</footprint>
      <datasheet>~</datasheet>
      <fields>
        <field name="LCSC">C72041</field>
      </fields>
      <libsource lib="Device" part="LED" description="Light emitting diode"/>
      <sheetpath names="/" tstamps="/"/>
      <tstamp>5F545EB8</tstamp>
    </comp>
    <comp ref="R11">
      <value>4.7k</value>
      <footprint>Resistor_SMD:R_0402_1005Metric</footprint>
      <datasheet>~</datasheet>
      <fields>
        <field name="LCSC">C25900</field>
      </fields>
      <libsource lib="Device" part="R" description="Resistor"/>
      <sheetpath names="/" tstamps="/"/>
      <tstamp>5F553918</tstamp>
    </comp>
    <comp ref="D9">
      <value>Blue</value>
      <footprint>LED_SMD:LED_0603_1608Metric</footprint>
      <datasheet>~</datasheet>
      <fields>
        <field name="LCSC">C72041</field>
      </fields>
      <libsource lib="Device" part="LED" description="Light emitting diode"/>
      <sheetpath names="/" tstamps="/"/>
      <tstamp>5F553921</tstamp>
    </comp>
    <comp ref="C1">
      <value>100n</value>
      <footprint>Capacitor_SMD:C_0402_1005Metric</footprint>
      <datasheet>~</datasheet>
      <fields>
        <field name="LCSC">C1525</field>
      </fields>
      <libsource lib="Device" part="C" description="Unpolarized capacitor"/>
      <sheetpath names="/" tstamps="/"/>
      <tstamp>5F5AEB27</tstamp>
    </comp>
    <comp ref="C2">
      <value>100n</value>
      <footprint>Capacitor_SMD:C_0402_1005Metric</footprint>
      <datasheet>~</datasheet>
      <fields>
        <field name="LCSC">C1525</field>
      </fields>
      <libsource lib="Device" part="C" description="Unpolarized capacitor"/>
      <sheetpath names="/" tstamps="/"/>
      <tstamp>5F5AFDCD</tstamp>
    </comp>
    <comp ref="C3">
      <value>100n</value>
      <footprint>Capacitor_SMD:C_0402_1005Metric</footprint>
      <datasheet>~</datasheet>
      <fields>
        <field name="LCSC">C1525</field>
      </fields>
      <libsource lib="Device" part="C" description="Unpolarized capacitor"/>
      <sheetpath names="/" tstamps="/"/>
      <tstamp>5F5BABCB</tstamp>
    </comp>
    <comp ref="C4">
      <value>100n</value>
      <footprint>Capacitor_SMD:C_0402_1005Metric</footprint>
      <datasheet>~</datasheet>
      <fields>
        <field name="LCSC">C1525</field>
      </fields>
      <libsource lib="Device" part="C" description="Unpolarized capacitor"/>
      <sheetpath names="/" tstamps="/"/>
      <tstamp>5F5C5D35</tstamp>
    </comp>
    <comp ref="C5">
      <value>100n</value>
      <footprint>Capacitor_SMD:C_0402_1005Metric</footprint>
      <datasheet>~</datasheet>
      <fields>
        <field name="LCSC">C1525</field>
      </fields>
      <libsource lib="Device" part="C" description="Unpolarized capacitor"/>
      <sheetpath names="/" tstamps="/"/>
      <tstamp>5F5D0CE9</tstamp>
    </comp>
  </components>
  <libparts>
    <libpart lib="Connector" part="Raspberry_Pi_2_3">
      <description>expansion header for Raspberry Pi 2 &amp; 3</description>
      <docs>https://www.raspberrypi.org/documentation/hardware/raspberrypi/schematics/rpi_SCH_3bplus_1p0_reduced.pdf</docs>
      <footprints>
        <fp>PinHeader*2x20*P2.54mm*Vertical*</fp>
        <fp>PinSocket*2x20*P2.54mm*Vertical*</fp>
      </footprints>
      <fields>
        <field name="Reference">J</field>
        <field name="Value">Raspberry_Pi_2_3</field>
      </fields>
      <pins>
        <pin num="1" name="3V3" type="power_in"/>
        <pin num="2" name="5V" type="power_in"/>
        <pin num="3" name="SDA/GPIO2" type="BiDi"/>
        <pin num="4" name="5V" type="power_in"/>
        <pin num="5" name="SCL/GPIO3" type="BiDi"/>
        <pin num="6" name="GND" type="power_in"/>
        <pin num="7" name="GCLK0/GPIO4" type="BiDi"/>
        <pin num="8" name="GPIO14/TXD" type="BiDi"/>
        <pin num="9" name="GND" type="power_in"/>
        <pin num="10" name="GPIO15/RXD" type="BiDi"/>
        <pin num="11" name="GPIO17" type="BiDi"/>
        <pin num="12" name="GPIO18/PWM0" type="BiDi"/>
        <pin num="13" name="GPIO27" type="BiDi"/>
        <pin num="14" name="GND" type="power_in"/>
        <pin num="15" name="GPIO22" type="BiDi"/>
        <pin num="16" name="GPIO23" type="BiDi"/>
        <pin num="17" name="3V3" type="power_in"/>
        <pin num="18" name="GPIO24" type="BiDi"/>
        <pin num="19" name="MOSI0/GPIO10" type="BiDi"/>
        <pin num="20" name="GND" type="power_in"/>
        <pin num="21" name="MISO0/GPIO9" type="BiDi"/>
        <pin num="22" name="GPIO25" type="BiDi"/>
        <pin num="23" name="SCLK0/GPIO11" type="BiDi"/>
        <pin num="24" name="~CE0~/GPIO8" type="BiDi"/>
        <pin num="25" name="GND" type="power_in"/>
        <pin num="26" name="~CE1~/GPIO7" type="BiDi"/>
        <pin num="27" name="ID_SD/GPIO0" type="BiDi"/>
        <pin num="28" name="ID_SC/GPIO1" type="BiDi"/>
        <pin num="29" name="GCLK1/GPIO5" type="BiDi"/>
        <pin num="30" name="GND" type="power_in"/>
        <pin num="31" name="GCLK2/GPIO6" type="BiDi"/>
        <pin num="32" name="PWM0/GPIO12" type="BiDi"/>
        <pin num="33" name="PWM1/GPIO13" type="BiDi"/>
        <pin num="34" name="GND" type="power_in"/>
        <pin num="35" name="GPIO19/MISO1" type="BiDi"/>
        <pin num="36" name="GPIO16" type="BiDi"/>
        <pin num="37" name="GPIO26" type="BiDi"/>
        <pin num="38" name="GPIO20/MOSI1" type="BiDi"/>
        <pin num="39" name="GND" type="power_in"/>
        <pin num="40" name="GPIO21/SCLK1" type="BiDi"/>
      </pins>
    </libpart>
    <libpart lib="Connector_Generic" part="Conn_02x20_Odd_Even">
      <description>Generic connector, double row, 02x20, odd/even pin numbering scheme (row 1 odd numbers, row 2 even numbers), script generated (kicad-library-utils/schlib/autogen/connector/)</description>
      <docs>~</docs>
      <footprints>
        <fp>Connector*:*_2x??_*</fp>
      </footprints>
      <fields>
        <field name="Reference">J</field>
        <field name="Value">Conn_02x20_Odd_Even</field>
      </fields>
      <pins>
        <pin num="1" name="Pin_1" type="passive"/>
        <pin num="2" name="Pin_2" type="passive"/>
        <pin num="3" name="Pin_3" type="passive"/>
        <pin num="4" name="Pin_4" type="passive"/>
        <pin num="5" name="Pin_5" type="passive"/>
        <pin num="6" name="Pin_6" type="passive"/>
        <pin num="7" name="Pin_7" type="passive"/>
        <pin num="8" name="Pin_8" type="passive"/>
        <pin num="9" name="Pin_9" type="passive"/>
        <pin num="10" name="Pin_10" type="passive"/>
        <pin num="11" name="Pin_11" type="passive"/>
        <pin num="12" name="Pin_12" type="passive"/>
        <pin num="13" name="Pin_13" type="passive"/>
        <pin num="14" name="Pin_14" type="passive"/>
        <pin num="15" name="Pin_15" type="passive"/>
        <pin num="16" name="Pin_16" type="passive"/>
        <pin num="17" name="Pin_17" type="passive"/>
        <pin num="18" name="Pin_18" type="passive"/>
        <pin num="19" name="Pin_19" type="passive"/>
        <pin num="20" name="Pin_20" type="passive"/>
        <pin num="21" name="Pin_21" type="passive"/>
        <pin num="22" name="Pin_22" type="passive"/>
        <pin num="23" name="Pin_23" type="passive"/>
        <pin num="24" name="Pin_24" type="passive"/>
        <pin num="25" name="Pin_25" type="passive"/>
        <pin num="26" name="Pin_26" type="passive"/>
        <pin num="27" name="Pin_27" type="passive"/>
        <pin num="28" name="Pin_28" type="passive"/>
        <pin num="29" name="Pin_29" type="passive"/>
        <pin num="30" name="Pin_30" type="passive"/>
        <pin num="31" name="Pin_31" type="passive"/>
        <pin num="32" name="Pin_32" type="passive"/>
        <pin num="33" name="Pin_33" type="passive"/>
        <pin num="34" name="Pin_34" type="passive"/>
        <pin num="35" name="Pin_35" type="passive"/>
        <pin num="36" name="Pin_36" type="passive"/>
        <pin num="37" name="Pin_37" type="passive"/>
        <pin num="38" name="Pin_38" type="passive"/>
        <pin num="39" name="Pin_39" type="passive"/>
        <pin num="40" name="Pin_40" type="passive"/>
      </pins>
    </libpart>
    <libpart lib="Device" part="C">
      <description>Unpolarized capacitor</description>
      <docs>~</docs>
      <footprints>
        <fp>C_*</fp>
      </footprints>
      <fields>
        <field name="Reference">C</field>
        <field name="Value">C</field>
      </fields>
      <pins>
        <pin num="1" name="~" type="passive"/>
        <pin num="2" name="~" type="passive"/>
      </pins>
    </libpart>
    <libpart lib="Device" part="LED">
      <description>Light emitting diode</description>
      <docs>~</docs>
      <footprints>
        <fp>LED*</fp>
        <fp>LED_SMD:*</fp>
        <fp>LED_THT:*</fp>
      </footprints>
      <fields>
        <field name="Reference">D</field>
        <field name="Value">LED</field>
      </fields>
      <pins>
        <pin num="1" name="K" type="passive"/>
        <pin num="2" name="A" type="passive"/>
      </pins>
    </libpart>
    <libpart lib="Device" part="R">
      <description>Resistor</description>
      <docs>~</docs>
      <footprints>
        <fp>R_*</fp>
      </footprints>
      <fields>
        <field name="Reference">R</field>
        <field name="Value">R</field>
      </fields>
      <pins>
        <pin num="1" name="~" type="passive"/>
        <pin num="2" name="~" type="passive"/>
      </pins>
    </libpart>
    <libpart lib="Interface_Expansion" part="MCP23S17_SO">
      <description>16-bit I/O expander, SPI, interrupts, w pull-ups, SOIC-28</description>
      <docs>http://ww1.microchip.com/downloads/en/DeviceDoc/20001952C.pdf</docs>
      <footprints>
        <fp>SOIC*7.5x17.9mm*P1.27mm*</fp>
      </footprints>
      <fields>
        <field name="Reference">U</field>
        <field name="Value">MCP23S17_SO</field>
        <field name="Footprint">Package_SO:SOIC-28W_7.5x17.9mm_P1.27mm</field>
      </fields>
      <pins>
        <pin num="1" name="GPB0" type="BiDi"/>
        <pin num="2" name="GPB1" type="BiDi"/>
        <pin num="3" name="GPB2" type="BiDi"/>
        <pin num="4" name="GPB3" type="BiDi"/>
        <pin num="5" name="GPB4" type="BiDi"/>
        <pin num="6" name="GPB5" type="BiDi"/>
        <pin num="7" name="GPB6" type="BiDi"/>
        <pin num="8" name="GPB7" type="BiDi"/>
        <pin num="9" name="VDD" type="power_in"/>
        <pin num="10" name="VSS" type="power_in"/>
        <pin num="11" name="~CS~" type="input"/>
        <pin num="12" name="SCK" type="input"/>
        <pin num="13" name="SI" type="input"/>
        <pin num="14" name="SO" type="output"/>
        <pin num="15" name="A0" type="input"/>
        <pin num="16" name="A1" type="input"/>
        <pin num="17" name="A2" type="input"/>
        <pin num="18" name="~RESET~" type="input"/>
        <pin num="19" name="INTB" type="3state"/>
        <pin num="20" name="INTA" type="3state"/>
        <pin num="21" name="GPA0" type="BiDi"/>
        <pin num="22" name="GPA1" type="BiDi"/>
        <pin num="23" name="GPA2" type="BiDi"/>
        <pin num="24" name="GPA3" type="BiDi"/>
        <pin num="25" name="GPA4" type="BiDi"/>
        <pin num="26" name="GPA5" type="BiDi"/>
        <pin num="27" name="GPA6" type="BiDi"/>
        <pin num="28" name="GPA7" type="BiDi"/>
      </pins>
    </libpart>
    <libpart lib="Logic_LevelTranslator" part="TXS0108EPW">
      <description>Bidirectional  level-shifting voltage translator, TSSOP-20</description>
      <docs>www.ti.com/lit/ds/symlink/txs0108e.pdf</docs>
      <footprints>
        <fp>*SSOP*4.4x6.5mm*P0.65mm*</fp>
      </footprints>
      <fields>
        <field name="Reference">U</field>
        <field name="Value">TXS0108EPW</field>
        <field name="Footprint">Package_SO:TSSOP-20_4.4x6.5mm_P0.65mm</field>
      </fields>
      <pins>
        <pin num="1" name="A1" type="BiDi"/>
        <pin num="2" name="VCCA" type="power_in"/>
        <pin num="3" name="A2" type="BiDi"/>
        <pin num="4" name="A3" type="BiDi"/>
        <pin num="5" name="A4" type="BiDi"/>
        <pin num="6" name="A5" type="BiDi"/>
        <pin num="7" name="A6" type="BiDi"/>
        <pin num="8" name="A7" type="BiDi"/>
        <pin num="9" name="A8" type="BiDi"/>
        <pin num="10" name="OE" type="input"/>
        <pin num="11" name="GND" type="power_in"/>
        <pin num="12" name="B8" type="BiDi"/>
        <pin num="13" name="B7" type="BiDi"/>
        <pin num="14" name="B6" type="BiDi"/>
        <pin num="15" name="B5" type="BiDi"/>
        <pin num="16" name="B4" type="BiDi"/>
        <pin num="17" name="B3" type="BiDi"/>
        <pin num="18" name="B2" type="BiDi"/>
        <pin num="19" name="VCCB" type="power_in"/>
        <pin num="20" name="B1" type="BiDi"/>
      </pins>
    </libpart>
    <libpart lib="Memory_EEPROM" part="AT24CS32-SSHM">
      <description>I2C Serial EEPROM, 32Kb (4096x8) with Unique Serial Number, SO8</description>
      <docs>http://ww1.microchip.com/downloads/en/DeviceDoc/Atmel-8869-SEEPROM-AT24CS32-Datasheet.pdf</docs>
      <footprints>
        <fp>SOIC*3.9x4.9mm*P1.27mm*</fp>
      </footprints>
      <fields>
        <field name="Reference">U</field>
        <field name="Value">AT24CS32-SSHM</field>
        <field name="Footprint">Package_SO:SOIC-8_3.9x4.9mm_P1.27mm</field>
      </fields>
      <pins>
        <pin num="1" name="A0" type="input"/>
        <pin num="2" name="A1" type="input"/>
        <pin num="3" name="A2" type="input"/>
        <pin num="4" name="GND" type="power_in"/>
        <pin num="5" name="SDA" type="BiDi"/>
        <pin num="6" name="SCL" type="input"/>
        <pin num="7" name="WP" type="input"/>
        <pin num="8" name="VCC" type="power_in"/>
      </pins>
    </libpart>
  </libparts>
  <libraries>
    <library logical="Connector">
      <uri>/usr/share/kicad/library/Connector.lib</uri>
    </library>
    <library logical="Connector_Generic">
      <uri>/usr/share/kicad/library/Connector_Generic.lib</uri>
    </library>
    <library logical="Device">
      <uri>/usr/share/kicad/library/Device.lib</uri>
    </library>
    <library logical="Interface_Expansion">
      <uri>/usr/share/kicad/library/Interface_Expansion.lib</uri>
    </library>
    <library logical="Logic_LevelTranslator">
      <uri>/usr/share/kicad/library/Logic_LevelTranslator.lib</uri>
    </library>
    <library logical="Memory_EEPROM">
      <uri>/usr/share/kicad/library/Memory_EEPROM.lib</uri>
    </library>
  </libraries>
  <nets>
    <net code="1" name="/SCK">
      <node ref="U3" pin="12"/>
      <node ref="U4" pin="12"/>
      <node ref="U2" pin="18"/>
    </net>
    <net code="2" name="GND">
      <node ref="U4" pin="18"/>
      <node ref="J1" pin="34"/>
      <node ref="J2" pin="22"/>
      <node ref="J1" pin="30"/>
      <node ref="C1" pin="2"/>
      <node ref="J2" pin="2"/>
      <node ref="C2" pin="2"/>
      <node ref="J2" pin="19"/>
      <node ref="C3" pin="2"/>
      <node ref="C4" pin="2"/>
      <node ref="C5" pin="2"/>
      <node ref="J1" pin="39"/>
      <node ref="J1" pin="9"/>
      <node ref="J1" pin="6"/>
      <node ref="J1" pin="25"/>
      <node ref="J1" pin="20"/>
      <node ref="J1" pin="14"/>
      <node ref="U3" pin="17"/>
      <node ref="U3" pin="15"/>
      <node ref="U3" pin="10"/>
      <node ref="U3" pin="18"/>
      <node ref="U4" pin="17"/>
      <node ref="U4" pin="16"/>
      <node ref="U4" pin="10"/>
      <node ref="J2" pin="26"/>
      <node ref="J2" pin="24"/>
      <node ref="J2" pin="30"/>
      <node ref="U2" pin="11"/>
      <node ref="J2" pin="40"/>
      <node ref="U1" pin="4"/>
      <node ref="U1" pin="7"/>
      <node ref="U1" pin="1"/>
      <node ref="U1" pin="2"/>
      <node ref="U1" pin="3"/>
    </net>
    <net code="3" name="/CS">
      <node ref="U4" pin="11"/>
      <node ref="U3" pin="11"/>
      <node ref="U2" pin="20"/>
    </net>
    <net code="4" name="/MOSI">
      <node ref="U2" pin="17"/>
      <node ref="U4" pin="13"/>
      <node ref="U3" pin="13"/>
    </net>
    <net code="5" name="/MISO">
      <node ref="U3" pin="14"/>
      <node ref="U2" pin="16"/>
      <node ref="U4" pin="14"/>
    </net>
    <net code="6" name="Net-(D1-Pad1)">
      <node ref="R3" pin="1"/>
      <node ref="D1" pin="1"/>
    </net>
    <net code="7" name="/ACTIVE">
      <node ref="R3" pin="2"/>
      <node ref="J2" pin="39"/>
    </net>
    <net code="8" name="/3V_MOSI">
      <node ref="J1" pin="19"/>
      <node ref="U2" pin="4"/>
    </net>
    <net code="9" name="Net-(U4-Pad20)">
      <node ref="U4" pin="20"/>
    </net>
    <net code="10" name="/3V_MISO">
      <node ref="U2" pin="5"/>
      <node ref="J1" pin="21"/>
    </net>
    <net code="11" name="/3V_SCK">
      <node ref="J1" pin="23"/>
      <node ref="U2" pin="3"/>
    </net>
    <net code="12" name="Net-(U4-Pad19)">
      <node ref="U4" pin="19"/>
    </net>
    <net code="13" name="/3V_CS">
      <node ref="U2" pin="1"/>
      <node ref="J1" pin="26"/>
    </net>
    <net code="14" name="Net-(U3-Pad19)">
      <node ref="U3" pin="19"/>
    </net>
    <net code="15" name="Net-(U3-Pad20)">
      <node ref="U3" pin="20"/>
    </net>
    <net code="16" name="/D9">
      <node ref="U3" pin="2"/>
      <node ref="J2" pin="6"/>
    </net>
    <net code="17" name="/D8">
      <node ref="U3" pin="1"/>
      <node ref="J2" pin="4"/>
    </net>
    <net code="18" name="/D10">
      <node ref="U3" pin="3"/>
      <node ref="J2" pin="8"/>
    </net>
    <net code="19" name="/D11">
      <node ref="U3" pin="4"/>
      <node ref="J2" pin="10"/>
    </net>
    <net code="20" name="/D12">
      <node ref="J2" pin="12"/>
      <node ref="U3" pin="5"/>
    </net>
    <net code="21" name="/D13">
      <node ref="U3" pin="6"/>
      <node ref="J2" pin="14"/>
    </net>
    <net code="22" name="/D14">
      <node ref="U3" pin="7"/>
      <node ref="J2" pin="16"/>
    </net>
    <net code="23" name="/D15">
      <node ref="U3" pin="8"/>
      <node ref="J2" pin="18"/>
    </net>
    <net code="24" name="/D7">
      <node ref="J2" pin="3"/>
      <node ref="U3" pin="28"/>
    </net>
    <net code="25" name="/D0">
      <node ref="U3" pin="21"/>
      <node ref="J2" pin="17"/>
    </net>
    <net code="26" name="/D1">
      <node ref="J2" pin="15"/>
      <node ref="U3" pin="22"/>
    </net>
    <net code="27" name="/D2">
      <node ref="J2" pin="13"/>
      <node ref="U3" pin="23"/>
    </net>
    <net code="28" name="/D3">
      <node ref="J2" pin="11"/>
      <node ref="U3" pin="24"/>
    </net>
    <net code="29" name="/D4">
      <node ref="U3" pin="25"/>
      <node ref="J2" pin="9"/>
    </net>
    <net code="30" name="/D5">
      <node ref="U3" pin="26"/>
      <node ref="J2" pin="7"/>
    </net>
    <net code="31" name="/D6">
      <node ref="J2" pin="5"/>
      <node ref="U3" pin="27"/>
    </net>
    <net code="32" name="Net-(J2-Pad32)">
      <node ref="J2" pin="32"/>
    </net>
    <net code="34" name="Net-(J2-Pad28)">
      <node ref="J2" pin="28"/>
    </net>
    <net code="36" name="+5V">
      <node ref="U2" pin="19"/>
      <node ref="D9" pin="2"/>
      <node ref="U3" pin="16"/>
      <node ref="U4" pin="15"/>
      <node ref="D6" pin="2"/>
      <node ref="U3" pin="9"/>
      <node ref="D8" pin="2"/>
      <node ref="U4" pin="9"/>
      <node ref="D7" pin="2"/>
      <node ref="J1" pin="2"/>
      <node ref="J2" pin="29"/>
      <node ref="D4" pin="2"/>
      <node ref="D2" pin="2"/>
      <node ref="D3" pin="2"/>
      <node ref="D5" pin="2"/>
      <node ref="C1" pin="1"/>
      <node ref="J1" pin="4"/>
      <node ref="D1" pin="2"/>
      <node ref="J2" pin="21"/>
      <node ref="J2" pin="1"/>
      <node ref="C3" pin="1"/>
      <node ref="C2" pin="1"/>
    </net>
    <net code="37" name="Net-(J2-Pad20)">
      <node ref="J2" pin="20"/>
    </net>
    <net code="40" name="Net-(J2-Pad34)">
      <node ref="J2" pin="34"/>
    </net>
    <net code="41" name="Net-(R11-Pad2)">
      <node ref="R11" pin="2"/>
      <node ref="U4" pin="28"/>
    </net>
    <net code="42" name="Net-(D8-Pad1)">
      <node ref="R10" pin="1"/>
      <node ref="D8" pin="1"/>
    </net>
    <net code="43" name="Net-(D9-Pad1)">
      <node ref="R11" pin="1"/>
      <node ref="D9" pin="1"/>
    </net>
    <net code="44" name="Net-(R9-Pad2)">
      <node ref="U4" pin="26"/>
      <node ref="R9" pin="2"/>
    </net>
    <net code="45" name="Net-(R7-Pad2)">
      <node ref="U4" pin="24"/>
      <node ref="R7" pin="2"/>
    </net>
    <net code="46" name="Net-(D6-Pad1)">
      <node ref="R8" pin="1"/>
      <node ref="D6" pin="1"/>
    </net>
    <net code="47" name="Net-(D7-Pad1)">
      <node ref="D7" pin="1"/>
      <node ref="R9" pin="1"/>
    </net>
    <net code="48" name="Net-(R5-Pad2)">
      <node ref="R5" pin="2"/>
      <node ref="U4" pin="22"/>
    </net>
    <net code="49" name="+3V3">
      <node ref="R2" pin="1"/>
      <node ref="U2" pin="2"/>
      <node ref="J1" pin="17"/>
      <node ref="J1" pin="1"/>
      <node ref="U2" pin="10"/>
      <node ref="U1" pin="8"/>
      <node ref="C4" pin="1"/>
      <node ref="R1" pin="1"/>
      <node ref="C5" pin="1"/>
    </net>
    <net code="50" name="/IOR">
      <node ref="U4" pin="2"/>
      <node ref="J2" pin="25"/>
    </net>
    <net code="51" name="/IRQ">
      <node ref="J2" pin="31"/>
      <node ref="U4" pin="3"/>
    </net>
    <net code="52" name="/DA2">
      <node ref="J2" pin="36"/>
      <node ref="U4" pin="4"/>
    </net>
    <net code="53" name="/DA1">
      <node ref="J2" pin="33"/>
      <node ref="U4" pin="5"/>
    </net>
    <net code="54" name="/DA0">
      <node ref="J2" pin="35"/>
      <node ref="U4" pin="6"/>
    </net>
    <net code="55" name="/CS1">
      <node ref="J2" pin="38"/>
      <node ref="U4" pin="7"/>
    </net>
    <net code="56" name="/CS0">
      <node ref="U4" pin="8"/>
      <node ref="J2" pin="37"/>
    </net>
    <net code="57" name="Net-(D2-Pad1)">
      <node ref="D2" pin="1"/>
      <node ref="R4" pin="1"/>
    </net>
    <net code="58" name="/IOW">
      <node ref="U4" pin="1"/>
      <node ref="J2" pin="23"/>
    </net>
    <net code="59" name="Net-(R4-Pad2)">
      <node ref="R4" pin="2"/>
      <node ref="U4" pin="21"/>
    </net>
    <net code="60" name="Net-(R6-Pad2)">
      <node ref="R6" pin="2"/>
      <node ref="U4" pin="23"/>
    </net>
    <net code="61" name="Net-(U2-Pad9)">
      <node ref="U2" pin="9"/>
    </net>
    <net code="62" name="Net-(U2-Pad15)">
      <node ref="U2" pin="15"/>
    </net>
    <net code="63" name="Net-(U2-Pad14)">
      <node ref="U2" pin="14"/>
    </net>
    <net code="64" name="Net-(U2-Pad13)">
      <node ref="U2" pin="13"/>
    </net>
    <net code="65" name="Net-(U2-Pad12)">
      <node ref="U2" pin="12"/>
    </net>
    <net code="66" name="Net-(U2-Pad6)">
      <node ref="U2" pin="6"/>
    </net>
    <net code="67" name="Net-(U2-Pad7)">
      <node ref="U2" pin="7"/>
    </net>
    <net code="68" name="Net-(U2-Pad8)">
      <node ref="U2" pin="8"/>
    </net>
    <net code="69" name="Net-(D4-Pad1)">
      <node ref="R6" pin="1"/>
      <node ref="D4" pin="1"/>
    </net>
    <net code="70" name="Net-(D5-Pad1)">
      <node ref="D5" pin="1"/>
      <node ref="R7" pin="1"/>
    </net>
    <net code="71" name="Net-(R8-Pad2)">
      <node ref="U4" pin="25"/>
      <node ref="R8" pin="2"/>
    </net>
    <net code="72" name="Net-(R10-Pad2)">
      <node ref="U4" pin="27"/>
      <node ref="R10" pin="2"/>
    </net>
    <net code="73" name="Net-(D3-Pad1)">
      <node ref="R5" pin="1"/>
      <node ref="D3" pin="1"/>
    </net>
    <net code="74" name="Net-(J1-Pad7)">
      <node ref="J1" pin="7"/>
    </net>
    <net code="75" name="Net-(J1-Pad8)">
      <node ref="J1" pin="8"/>
    </net>
    <net code="76" name="Net-(J1-Pad5)">
      <node ref="J1" pin="5"/>
    </net>
    <net code="77" name="Net-(J1-Pad33)">
      <node ref="J1" pin="33"/>
    </net>
    <net code="78" name="Net-(J1-Pad29)">
      <node ref="J1" pin="29"/>
    </net>
    <net code="79" name="Net-(J1-Pad3)">
      <node ref="J1" pin="3"/>
    </net>
    <net code="80" name="Net-(J1-Pad31)">
      <node ref="J1" pin="31"/>
    </net>
    <net code="81" name="Net-(J1-Pad32)">
      <node ref="J1" pin="32"/>
    </net>
    <net code="82" name="Net-(J1-Pad35)">
      <node ref="J1" pin="35"/>
    </net>
    <net code="83" name="Net-(J1-Pad36)">
      <node ref="J1" pin="36"/>
    </net>
    <net code="84" name="Net-(J1-Pad37)">
      <node ref="J1" pin="37"/>
    </net>
    <net code="85" name="Net-(J1-Pad38)">
      <node ref="J1" pin="38"/>
    </net>
    <net code="86" name="Net-(J1-Pad40)">
      <node ref="J1" pin="40"/>
    </net>
    <net code="87" name="Net-(J1-Pad10)">
      <node ref="J1" pin="10"/>
    </net>
    <net code="88" name="Net-(J1-Pad11)">
      <node ref="J1" pin="11"/>
    </net>
    <net code="89" name="Net-(J1-Pad12)">
      <node ref="J1" pin="12"/>
    </net>
    <net code="90" name="Net-(J1-Pad13)">
      <node ref="J1" pin="13"/>
    </net>
    <net code="91" name="Net-(J1-Pad15)">
      <node ref="J1" pin="15"/>
    </net>
    <net code="92" name="Net-(J1-Pad16)">
      <node ref="J1" pin="16"/>
    </net>
    <net code="93" name="Net-(J1-Pad18)">
      <node ref="J1" pin="18"/>
    </net>
    <net code="94" name="Net-(J1-Pad22)">
      <node ref="J1" pin="22"/>
    </net>
    <net code="95" name="Net-(J1-Pad24)">
      <node ref="J1" pin="24"/>
    </net>
    <net code="96" name="/IO_CH_RD">
      <node ref="J2" pin="27"/>
    </net>
    <net code="97" name="/ID_SD">
      <node ref="R1" pin="2"/>
      <node ref="J1" pin="27"/>
      <node ref="U1" pin="5"/>
    </net>
    <net code="98" name="/ID_SC">
      <node ref="R2" pin="2"/>
      <node ref="U1" pin="6"/>
      <node ref="J1" pin="28"/>
    </net>
  </nets>
</export>
